{"cameraMode":{"drawMode":0,"name":"Shaded","section":"Shading Mode"},"sceneLighting":true,"audioPlay":false,"sceneViewState":{"m_AlwaysRefresh":false,"showFog":true,"showSkybox":true,"showFlares":true,"showImageEffects":true,"showParticleSystems":true,"showVisualEffectGraphs":true,"m_FxEnabled":true},"in2DMode":false,"pivot":{"x":0.6372299790382385,"y":-0.09426825493574143,"z":-0.3558977544307709},"rotation":{"x":0.07558006793260575,"y":0.8003323078155518,"z":-0.10326918214559555,"w":0.5857446193695068},"size":0.6139488816261292,"orthographic":false}